passenger_id,survived,pclass,sex,age,sibsp,parch,fare,embarked,class,deck,embark_town,alone
0,0,3,male,22,1,0,7.25,S,Third,NULL,Southampton,0
1,1,1,female,38,1,0,71.2833,C,First,C,Cherbourg,0
2,1,3,female,26,0,0,7.925,S,Third,NULL,Southampton,1
3,1,1,female,35,1,0,53.1,S,First,C,Southampton,0
4,0,3,male,35,0,0,8.05,S,Third,NULL,Southampton,1
5,0,3,male,NULL,0,0,8.4583,Q,Third,NULL,Queenstown,1
6,0,1,male,54,0,0,51.8625,S,First,E,Southampton,1
7,0,3,male,2,3,1,21.075,S,Third,NULL,Southampton,0
8,1,3,female,27,0,2,11.1333,S,Third,NULL,Southampton,0
9,1,2,female,14,1,0,30.0708,C,Second,NULL,Cherbourg,0
10,1,3,female,4,1,1,16.7,S,Third,G,Southampton,0
11,1,1,female,58,0,0,26.55,S,First,C,Southampton,1
12,0,3,male,20,0,0,8.05,S,Third,NULL,Southampton,1
13,0,3,male,39,1,5,31.275,S,Third,NULL,Southampton,0
14,0,3,female,14,0,0,7.8542,S,Third,NULL,Southampton,1
15,1,2,female,55,0,0,16,S,Second,NULL,Southampton,1
16,0,3,male,2,4,1,29.125,Q,Third,NULL,Queenstown,0
17,1,2,male,NULL,0,0,13,S,Second,NULL,Southampton,1
18,0,3,female,31,1,0,18,S,Third,NULL,Southampton,0
19,1,3,female,NULL,0,0,7.225,C,Third,NULL,Cherbourg,1
20,0,2,male,35,0,0,26,S,Second,NULL,Southampton,1
21,1,2,male,34,0,0,13,S,Second,D,Southampton,1
22,1,3,female,15,0,0,8.0292,Q,Third,NULL,Queenstown,1
23,1,1,male,28,0,0,35.5,S,First,A,Southampton,1
24,0,3,female,8,3,1,21.075,S,Third,NULL,Southampton,0
25,1,3,female,38,1,5,31.3875,S,Third,NULL,Southampton,0
26,0,3,male,NULL,0,0,7.225,C,Third,NULL,Cherbourg,1
27,0,1,male,19,3,2,263,S,First,C,Southampton,0
28,1,3,female,NULL,0,0,7.8792,Q,Third,NULL,Queenstown,1
29,0,3,male,NULL,0,0,7.8958,S,Third,NULL,Southampton,1
30,0,1,male,40,0,0,27.7208,C,First,NULL,Cherbourg,1
31,1,1,female,NULL,1,0,146.5208,C,First,B,Cherbourg,0
32,1,3,female,NULL,0,0,7.75,Q,Third,NULL,Queenstown,1
33,0,2,male,66,0,0,10.5,S,Second,NULL,Southampton,1
34,0,1,male,28,1,0,82.1708,C,First,NULL,Cherbourg,0
35,0,1,male,42,1,0,52,S,First,NULL,Southampton,0
36,1,3,male,NULL,0,0,7.2292,C,Third,NULL,Cherbourg,1
37,0,3,male,21,0,0,8.05,S,Third,NULL,Southampton,1
38,0,3,female,18,2,0,18,S,Third,NULL,Southampton,0
39,1,3,female,14,1,0,11.2417,C,Third,NULL,Cherbourg,0
40,0,3,female,40,1,0,9.475,S,Third,NULL,Southampton,0
41,0,2,female,27,1,0,21,S,Second,NULL,Southampton,0
42,0,3,male,NULL,0,0,7.8958,C,Third,NULL,Cherbourg,1
43,1,2,female,3,1,2,41.5792,C,Second,NULL,Cherbourg,0
44,1,3,female,19,0,0,7.8792,Q,Third,NULL,Queenstown,1
45,0,3,male,NULL,0,0,8.05,S,Third,NULL,Southampton,1
46,0,3,male,NULL,1,0,15.5,Q,Third,NULL,Queenstown,0
47,1,3,female,NULL,0,0,7.75,Q,Third,NULL,Queenstown,1
48,0,3,male,NULL,2,0,21.6792,C,Third,NULL,Cherbourg,0
49,0,3,female,18,1,0,17.8,S,Third,NULL,Southampton,0
50,0,3,male,7,4,1,39.6875,S,Third,NULL,Southampton,0
51,0,3,male,21,0,0,7.8,S,Third,NULL,Southampton,1
52,1,1,female,49,1,0,76.7292,C,First,D,Cherbourg,0
53,1,2,female,29,1,0,26,S,Second,NULL,Southampton,0
54,0,1,male,65,0,1,61.9792,C,First,B,Cherbourg,0
55,1,1,male,NULL,0,0,35.5,S,First,C,Southampton,1
56,1,2,female,21,0,0,10.5,S,Second,NULL,Southampton,1
57,0,3,male,28.5,0,0,7.2292,C,Third,NULL,Cherbourg,1
58,1,2,female,5,1,2,27.75,S,Second,NULL,Southampton,0
59,0,3,male,11,5,2,46.9,S,Third,NULL,Southampton,0
60,0,3,male,22,0,0,7.2292,C,Third,NULL,Cherbourg,1
61,1,1,female,38,0,0,80,NULL,First,B,NULL,1
62,0,1,male,45,1,0,83.475,S,First,C,Southampton,0
63,0,3,male,4,3,2,27.9,S,Third,NULL,Southampton,0
64,0,1,male,NULL,0,0,27.7208,C,First,NULL,Cherbourg,1
65,1,3,male,NULL,1,1,15.2458,C,Third,NULL,Cherbourg,0
66,1,2,female,29,0,0,10.5,S,Second,F,Southampton,1
67,0,3,male,19,0,0,8.1583,S,Third,NULL,Southampton,1
68,1,3,female,17,4,2,7.925,S,Third,NULL,Southampton,0
69,0,3,male,26,2,0,8.6625,S,Third,NULL,Southampton,0
70,0,2,male,32,0,0,10.5,S,Second,NULL,Southampton,1
71,0,3,female,16,5,2,46.9,S,Third,NULL,Southampton,0
72,0,2,male,21,0,0,73.5,S,Second,NULL,Southampton,1
73,0,3,male,26,1,0,14.4542,C,Third,NULL,Cherbourg,0
74,1,3,male,32,0,0,56.4958,S,Third,NULL,Southampton,1
75,0,3,male,25,0,0,7.65,S,Third,F,Southampton,1
76,0,3,male,NULL,0,0,7.8958,S,Third,NULL,Southampton,1
77,0,3,male,NULL,0,0,8.05,S,Third,NULL,Southampton,1
78,1,2,male,0.83,0,2,29,S,Second,NULL,Southampton,0
79,1,3,female,30,0,0,12.475,S,Third,NULL,Southampton,1
80,0,3,male,22,0,0,9,S,Third,NULL,Southampton,1
81,1,3,male,29,0,0,9.5,S,Third,NULL,Southampton,1
82,1,3,female,NULL,0,0,7.7875,Q,Third,NULL,Queenstown,1
83,0,1,male,28,0,0,47.1,S,First,NULL,Southampton,1
84,1,2,female,17,0,0,10.5,S,Second,NULL,Southampton,1
85,1,3,female,33,3,0,15.85,S,Third,NULL,Southampton,0
86,0,3,male,16,1,3,34.375,S,Third,NULL,Southampton,0
87,0,3,male,NULL,0,0,8.05,S,Third,NULL,Southampton,1
88,1,1,female,23,3,2,263,S,First,C,Southampton,0
89,0,3,male,24,0,0,8.05,S,Third,NULL,Southampton,1
90,0,3,male,29,0,0,8.05,S,Third,NULL,Southampton,1
91,0,3,male,20,0,0,7.8542,S,Third,NULL,Southampton,1
92,0,1,male,46,1,0,61.175,S,First,E,Southampton,0
93,0,3,male,26,1,2,20.575,S,Third,NULL,Southampton,0
94,0,3,male,59,0,0,7.25,S,Third,NULL,Southampton,1
95,0,3,male,NULL,0,0,8.05,S,Third,NULL,Southampton,1
96,0,1,male,71,0,0,34.6542,C,First,A,Cherbourg,1
97,1,1,male,23,0,1,63.3583,C,First,D,Cherbourg,0
98,1,2,female,34,0,1,23,S,Second,NULL,Southampton,0
99,0,2,male,34,1,0,26,S,Second,NULL,Southampton,0
100,0,3,female,28,0,0,7.8958,S,Third,NULL,Southampton,1
101,0,3,male,NULL,0,0,7.8958,S,Third,NULL,Southampton,1
102,0,1,male,21,0,1,77.2875,S,First,D,Southampton,0
103,0,3,male,33,0,0,8.6542,S,Third,NULL,Southampton,1
104,0,3,male,37,2,0,7.925,S,Third,NULL,Southampton,0
105,0,3,male,28,0,0,7.8958,S,Third,NULL,Southampton,1
106,1,3,female,21,0,0,7.65,S,Third,NULL,Southampton,1
107,1,3,male,NULL,0,0,7.775,S,Third,NULL,Southampton,1
108,0,3,male,38,0,0,7.8958,S,Third,NULL,Southampton,1
109,1,3,female,NULL,1,0,24.15,Q,Third,NULL,Queenstown,0
110,0,1,male,47,0,0,52,S,First,C,Southampton,1
111,0,3,female,14.5,1,0,14.4542,C,Third,NULL,Cherbourg,0
112,0,3,male,22,0,0,8.05,S,Third,NULL,Southampton,1
113,0,3,female,20,1,0,9.825,S,Third,NULL,Southampton,0
114,0,3,female,17,0,0,14.4583,C,Third,NULL,Cherbourg,1
115,0,3,male,21,0,0,7.925,S,Third,NULL,Southampton,1
116,0,3,male,70.5,0,0,7.75,Q,Third,NULL,Queenstown,1
117,0,2,male,29,1,0,21,S,Second,NULL,Southampton,0
118,0,1,male,24,0,1,247.5208,C,First,B,Cherbourg,0
119,0,3,female,2,4,2,31.275,S,Third,NULL,Southampton,0
120,0,2,male,21,2,0,73.5,S,Second,NULL,Southampton,0
121,0,3,male,NULL,0,0,8.05,S,Third,NULL,Southampton,1
122,0,2,male,32.5,1,0,30.0708,C,Second,NULL,Cherbourg,0
123,1,2,female,32.5,0,0,13,S,Second,E,Southampton,1
124,0,1,male,54,0,1,77.2875,S,First,D,Southampton,0
125,1,3,male,12,1,0,11.2417,C,Third,NULL,Cherbourg,0
126,0,3,male,NULL,0,0,7.75,Q,Third,NULL,Queenstown,1
127,1,3,male,24,0,0,7.1417,S,Third,NULL,Southampton,1
128,1,3,female,NULL,1,1,22.3583,C,Third,F,Cherbourg,0
129,0,3,male,45,0,0,6.975,S,Third,NULL,Southampton,1
130,0,3,male,33,0,0,7.8958,C,Third,NULL,Cherbourg,1
131,0,3,male,20,0,0,7.05,S,Third,NULL,Southampton,1
132,0,3,female,47,1,0,14.5,S,Third,NULL,Southampton,0
133,1,2,female,29,1,0,26,S,Second,NULL,Southampton,0
134,0,2,male,25,0,0,13,S,Second,NULL,Southampton,1
135,0,2,male,23,0,0,15.0458,C,Second,NULL,Cherbourg,1
136,1,1,female,19,0,2,26.2833,S,First,D,Southampton,0
137,0,1,male,37,1,0,53.1,S,First,C,Southampton,0
138,0,3,male,16,0,0,9.2167,S,Third,NULL,Southampton,1
139,0,1,male,24,0,0,79.2,C,First,B,Cherbourg,1
140,0,3,female,NULL,0,2,15.2458,C,Third,NULL,Cherbourg,0
141,1,3,female,22,0,0,7.75,S,Third,NULL,Southampton,1
142,1,3,female,24,1,0,15.85,S,Third,NULL,Southampton,0
143,0,3,male,19,0,0,6.75,Q,Third,NULL,Queenstown,1
144,0,2,male,18,0,0,11.5,S,Second,NULL,Southampton,1
145,0,2,male,19,1,1,36.75,S,Second,NULL,Southampton,0
146,1,3,male,27,0,0,7.7958,S,Third,NULL,Southampton,1
147,0,3,female,9,2,2,34.375,S,Third,NULL,Southampton,0
148,0,2,male,36.5,0,2,26,S,Second,F,Southampton,0
149,0,2,male,42,0,0,13,S,Second,NULL,Southampton,1
150,0,2,male,51,0,0,12.525,S,Second,NULL,Southampton,1
151,1,1,female,22,1,0,66.6,S,First,C,Southampton,0
152,0,3,male,55.5,0,0,8.05,S,Third,NULL,Southampton,1
153,0,3,male,40.5,0,2,14.5,S,Third,NULL,Southampton,0
154,0,3,male,NULL,0,0,7.3125,S,Third,NULL,Southampton,1
155,0,1,male,51,0,1,61.3792,C,First,NULL,Cherbourg,0
156,1,3,female,16,0,0,7.7333,Q,Third,NULL,Queenstown,1
157,0,3,male,30,0,0,8.05,S,Third,NULL,Southampton,1
158,0,3,male,NULL,0,0,8.6625,S,Third,NULL,Southampton,1
159,0,3,male,NULL,8,2,69.55,S,Third,NULL,Southampton,0
160,0,3,male,44,0,1,16.1,S,Third,NULL,Southampton,0
161,1,2,female,40,0,0,15.75,S,Second,NULL,Southampton,1
162,0,3,male,26,0,0,7.775,S,Third,NULL,Southampton,1
163,0,3,male,17,0,0,8.6625,S,Third,NULL,Southampton,1
164,0,3,male,1,4,1,39.6875,S,Third,NULL,Southampton,0
165,1,3,male,9,0,2,20.525,S,Third,NULL,Southampton,0
166,1,1,female,NULL,0,1,55,S,First,E,Southampton,0
167,0,3,female,45,1,4,27.9,S,Third,NULL,Southampton,0
168,0,1,male,NULL,0,0,25.925,S,First,NULL,Southampton,1
169,0,3,male,28,0,0,56.4958,S,Third,NULL,Southampton,1
170,0,1,male,61,0,0,33.5,S,First,B,Southampton,1
171,0,3,male,4,4,1,29.125,Q,Third,NULL,Queenstown,0
172,1,3,female,1,1,1,11.1333,S,Third,NULL,Southampton,0
173,0,3,male,21,0,0,7.925,S,Third,NULL,Southampton,1
174,0,1,male,56,0,0,30.6958,C,First,A,Cherbourg,1
175,0,3,male,18,1,1,7.8542,S,Third,NULL,Southampton,0
176,0,3,male,NULL,3,1,25.4667,S,Third,NULL,Southampton,0
177,0,1,female,50,0,0,28.7125,C,First,C,Cherbourg,1
178,0,2,male,30,0,0,13,S,Second,NULL,Southampton,1
179,0,3,male,36,0,0,0,S,Third,NULL,Southampton,1
180,0,3,female,NULL,8,2,69.55,S,Third,NULL,Southampton,0
181,0,2,male,NULL,0,0,15.05,C,Second,NULL,Cherbourg,1
182,0,3,male,9,4,2,31.3875,S,Third,NULL,Southampton,0
183,1,2,male,1,2,1,39,S,Second,F,Southampton,0
184,1,3,female,4,0,2,22.025,S,Third,NULL,Southampton,0
185,0,1,male,NULL,0,0,50,S,First,A,Southampton,1
186,1,3,female,NULL,1,0,15.5,Q,Third,NULL,Queenstown,0
187,1,1,male,45,0,0,26.55,S,First,NULL,Southampton,1
188,0,3,male,40,1,1,15.5,Q,Third,NULL,Queenstown,0
189,0,3,male,36,0,0,7.8958,S,Third,NULL,Southampton,1
190,1,2,female,32,0,0,13,S,Second,NULL,Southampton,1
191,0,2,male,19,0,0,13,S,Second,NULL,Southampton,1
192,1,3,female,19,1,0,7.8542,S,Third,NULL,Southampton,0
193,1,2,male,3,1,1,26,S,Second,F,Southampton,0
194,1,1,female,44,0,0,27.7208,C,First,B,Cherbourg,1
195,1,1,female,58,0,0,146.5208,C,First,B,Cherbourg,1
196,0,3,male,NULL,0,0,7.75,Q,Third,NULL,Queenstown,1
197,0,3,male,42,0,1,8.4042,S,Third,NULL,Southampton,0
198,1,3,female,NULL,0,0,7.75,Q,Third,NULL,Queenstown,1
199,0,2,female,24,0,0,13,S,Second,NULL,Southampton,1
200,0,3,male,28,0,0,9.5,S,Third,NULL,Southampton,1
201,0,3,male,NULL,8,2,69.55,S,Third,NULL,Southampton,0
202,0,3,male,34,0,0,6.4958,S,Third,NULL,Southampton,1
203,0,3,male,45.5,0,0,7.225,C,Third,NULL,Cherbourg,1
204,1,3,male,18,0,0,8.05,S,Third,NULL,Southampton,1
205,0,3,female,2,0,1,10.4625,S,Third,G,Southampton,0
206,0,3,male,32,1,0,15.85,S,Third,NULL,Southampton,0
207,1,3,male,26,0,0,18.7875,C,Third,NULL,Cherbourg,1
208,1,3,female,16,0,0,7.75,Q,Third,NULL,Queenstown,1
209,1,1,male,40,0,0,31,C,First,A,Cherbourg,1
210,0,3,male,24,0,0,7.05,S,Third,NULL,Southampton,1
211,1,2,female,35,0,0,21,S,Second,NULL,Southampton,1
212,0,3,male,22,0,0,7.25,S,Third,NULL,Southampton,1
213,0,2,male,30,0,0,13,S,Second,NULL,Southampton,1
214,0,3,male,NULL,1,0,7.75,Q,Third,NULL,Queenstown,0
215,1,1,female,31,1,0,113.275,C,First,D,Cherbourg,0
216,1,3,female,27,0,0,7.925,S,Third,NULL,Southampton,1
217,0,2,male,42,1,0,27,S,Second,NULL,Southampton,0
218,1,1,female,32,0,0,76.2917,C,First,D,Cherbourg,1
219,0,2,male,30,0,0,10.5,S,Second,NULL,Southampton,1
220,1,3,male,16,0,0,8.05,S,Third,NULL,Southampton,1
221,0,2,male,27,0,0,13,S,Second,NULL,Southampton,1
222,0,3,male,51,0,0,8.05,S,Third,NULL,Southampton,1
223,0,3,male,NULL,0,0,7.8958,S,Third,NULL,Southampton,1
224,1,1,male,38,1,0,90,S,First,C,Southampton,0
225,0,3,male,22,0,0,9.35,S,Third,NULL,Southampton,1
226,1,2,male,19,0,0,10.5,S,Second,NULL,Southampton,1
227,0,3,male,20.5,0,0,7.25,S,Third,NULL,Southampton,1
228,0,2,male,18,0,0,13,S,Second,NULL,Southampton,1
229,0,3,female,NULL,3,1,25.4667,S,Third,NULL,Southampton,0
230,1,1,female,35,1,0,83.475,S,First,C,Southampton,0
231,0,3,male,29,0,0,7.775,S,Third,NULL,Southampton,1
232,0,2,male,59,0,0,13.5,S,Second,NULL,Southampton,1
233,1,3,female,5,4,2,31.3875,S,Third,NULL,Southampton,0
234,0,2,male,24,0,0,10.5,S,Second,NULL,Southampton,1
235,0,3,female,NULL,0,0,7.55,S,Third,NULL,Southampton,1
236,0,2,male,44,1,0,26,S,Second,NULL,Southampton,0
237,1,2,female,8,0,2,26.25,S,Second,NULL,Southampton,0
238,0,2,male,19,0,0,10.5,S,Second,NULL,Southampton,1
239,0,2,male,33,0,0,12.275,S,Second,NULL,Southampton,1
240,0,3,female,NULL,1,0,14.4542,C,Third,NULL,Cherbourg,0
241,1,3,female,NULL,1,0,15.5,Q,Third,NULL,Queenstown,0
242,0,2,male,29,0,0,10.5,S,Second,NULL,Southampton,1
243,0,3,male,22,0,0,7.125,S,Third,NULL,Southampton,1
244,0,3,male,30,0,0,7.225,C,Third,NULL,Cherbourg,1
245,0,1,male,44,2,0,90,Q,First,C,Queenstown,0
246,0,3,female,25,0,0,7.775,S,Third,NULL,Southampton,1
247,1,2,female,24,0,2,14.5,S,Second,NULL,Southampton,0
248,1,1,male,37,1,1,52.5542,S,First,D,Southampton,0
249,0,2,male,54,1,0,26,S,Second,NULL,Southampton,0
250,0,3,male,NULL,0,0,7.25,S,Third,NULL,Southampton,1
251,0,3,female,29,1,1,10.4625,S,Third,G,Southampton,0
252,0,1,male,62,0,0,26.55,S,First,C,Southampton,1
253,0,3,male,30,1,0,16.1,S,Third,NULL,Southampton,0
254,0,3,female,41,0,2,20.2125,S,Third,NULL,Southampton,0
255,1,3,female,29,0,2,15.2458,C,Third,NULL,Cherbourg,0
256,1,1,female,NULL,0,0,79.2,C,First,NULL,Cherbourg,1
257,1,1,female,30,0,0,86.5,S,First,B,Southampton,1
258,1,1,female,35,0,0,512.3292,C,First,NULL,Cherbourg,1
259,1,2,female,50,0,1,26,S,Second,NULL,Southampton,0
260,0,3,male,NULL,0,0,7.75,Q,Third,NULL,Queenstown,1
261,1,3,male,3,4,2,31.3875,S,Third,NULL,Southampton,0
262,0,1,male,52,1,1,79.65,S,First,E,Southampton,0
263,0,1,male,40,0,0,0,S,First,B,Southampton,1
264,0,3,female,NULL,0,0,7.75,Q,Third,NULL,Queenstown,1
265,0,2,male,36,0,0,10.5,S,Second,NULL,Southampton,1
266,0,3,male,16,4,1,39.6875,S,Third,NULL,Southampton,0
267,1,3,male,25,1,0,7.775,S,Third,NULL,Southampton,0
268,1,1,female,58,0,1,153.4625,S,First,C,Southampton,0
269,1,1,female,35,0,0,135.6333,S,First,C,Southampton,1
270,0,1,male,NULL,0,0,31,S,First,NULL,Southampton,1
271,1,3,male,25,0,0,0,S,Third,NULL,Southampton,1
272,1,2,female,41,0,1,19.5,S,Second,NULL,Southampton,0
273,0,1,male,37,0,1,29.7,C,First,C,Cherbourg,0
274,1,3,female,NULL,0,0,7.75,Q,Third,NULL,Queenstown,1
275,1,1,female,63,1,0,77.9583,S,First,D,Southampton,0
276,0,3,female,45,0,0,7.75,S,Third,NULL,Southampton,1
277,0,2,male,NULL,0,0,0,S,Second,NULL,Southampton,1
278,0,3,male,7,4,1,29.125,Q,Third,NULL,Queenstown,0
279,1,3,female,35,1,1,20.25,S,Third,NULL,Southampton,0
280,0,3,male,65,0,0,7.75,Q,Third,NULL,Queenstown,1
281,0,3,male,28,0,0,7.8542,S,Third,NULL,Southampton,1
282,0,3,male,16,0,0,9.5,S,Third,NULL,Southampton,1
283,1,3,male,19,0,0,8.05,S,Third,NULL,Southampton,1
284,0,1,male,NULL,0,0,26,S,First,A,Southampton,1
285,0,3,male,33,0,0,8.6625,C,Third,NULL,Cherbourg,1
286,1,3,male,30,0,0,9.5,S,Third,NULL,Southampton,1
287,0,3,male,22,0,0,7.8958,S,Third,NULL,Southampton,1
288,1,2,male,42,0,0,13,S,Second,NULL,Southampton,1
289,1,3,female,22,0,0,7.75,Q,Third,NULL,Queenstown,1
290,1,1,female,26,0,0,78.85,S,First,NULL,Southampton,1
291,1,1,female,19,1,0,91.0792,C,First,B,Cherbourg,0
292,0,2,male,36,0,0,12.875,C,Second,D,Cherbourg,1
293,0,3,female,24,0,0,8.85,S,Third,NULL,Southampton,1
294,0,3,male,24,0,0,7.8958,S,Third,NULL,Southampton,1
295,0,1,male,NULL,0,0,27.7208,C,First,NULL,Cherbourg,1
296,0,3,male,23.5,0,0,7.2292,C,Third,NULL,Cherbourg,1
297,0,1,female,2,1,2,151.55,S,First,C,Southampton,0
298,1,1,male,NULL,0,0,30.5,S,First,C,Southampton,1
299,1,1,female,50,0,1,247.5208,C,First,B,Cherbourg,0
300,1,3,female,NULL,0,0,7.75,Q,Third,NULL,Queenstown,1
301,1,3,male,NULL,2,0,23.25,Q,Third,NULL,Queenstown,0
302,0,3,male,19,0,0,0,S,Third,NULL,Southampton,1
303,1,2,female,NULL,0,0,12.35,Q,Second,E,Queenstown,1
304,0,3,male,NULL,0,0,8.05,S,Third,NULL,Southampton,1
305,1,1,male,0.92,1,2,151.55,S,First,C,Southampton,0
306,1,1,female,NULL,0,0,110.8833,C,First,NULL,Cherbourg,1
307,1,1,female,17,1,0,108.9,C,First,C,Cherbourg,0
308,0,2,male,30,1,0,24,C,Second,NULL,Cherbourg,0
309,1,1,female,30,0,0,56.9292,C,First,E,Cherbourg,1
310,1,1,female,24,0,0,83.1583,C,First,C,Cherbourg,1
311,1,1,female,18,2,2,262.375,C,First,B,Cherbourg,0
312,0,2,female,26,1,1,26,S,Second,NULL,Southampton,0
313,0,3,male,28,0,0,7.8958,S,Third,NULL,Southampton,1
314,0,2,male,43,1,1,26.25,S,Second,NULL,Southampton,0
315,1,3,female,26,0,0,7.8542,S,Third,NULL,Southampton,1
316,1,2,female,24,1,0,26,S,Second,NULL,Southampton,0
317,0,2,male,54,0,0,14,S,Second,NULL,Southampton,1
318,1,1,female,31,0,2,164.8667,S,First,C,Southampton,0
319,1,1,female,40,1,1,134.5,C,First,E,Cherbourg,0
320,0,3,male,22,0,0,7.25,S,Third,NULL,Southampton,1
321,0,3,male,27,0,0,7.8958,S,Third,NULL,Southampton,1
322,1,2,female,30,0,0,12.35,Q,Second,NULL,Queenstown,1
323,1,2,female,22,1,1,29,S,Second,NULL,Southampton,0
324,0,3,male,NULL,8,2,69.55,S,Third,NULL,Southampton,0
325,1,1,female,36,0,0,135.6333,C,First,C,Cherbourg,1
326,0,3,male,61,0,0,6.2375,S,Third,NULL,Southampton,1
327,1,2,female,36,0,0,13,S,Second,D,Southampton,1
328,1,3,female,31,1,1,20.525,S,Third,NULL,Southampton,0
329,1,1,female,16,0,1,57.9792,C,First,B,Cherbourg,0
330,1,3,female,NULL,2,0,23.25,Q,Third,NULL,Queenstown,0
331,0,1,male,45.5,0,0,28.5,S,First,C,Southampton,1
332,0,1,male,38,0,1,153.4625,S,First,C,Southampton,0
333,0,3,male,16,2,0,18,S,Third,NULL,Southampton,0
334,1,1,female,NULL,1,0,133.65,S,First,NULL,Southampton,0
335,0,3,male,NULL,0,0,7.8958,S,Third,NULL,Southampton,1
336,0,1,male,29,1,0,66.6,S,First,C,Southampton,0
337,1,1,female,41,0,0,134.5,C,First,E,Cherbourg,1
338,1,3,male,45,0,0,8.05,S,Third,NULL,Southampton,1
339,0,1,male,45,0,0,35.5,S,First,NULL,Southampton,1
340,1,2,male,2,1,1,26,S,Second,F,Southampton,0
341,1,1,female,24,3,2,263,S,First,C,Southampton,0
342,0,2,male,28,0,0,13,S,Second,NULL,Southampton,1
343,0,2,male,25,0,0,13,S,Second,NULL,Southampton,1
344,0,2,male,36,0,0,13,S,Second,NULL,Southampton,1
345,1,2,female,24,0,0,13,S,Second,F,Southampton,1
346,1,2,female,40,0,0,13,S,Second,NULL,Southampton,1
347,1,3,female,NULL,1,0,16.1,S,Third,NULL,Southampton,0
348,1,3,male,3,1,1,15.9,S,Third,NULL,Southampton,0
349,0,3,male,42,0,0,8.6625,S,Third,NULL,Southampton,1
350,0,3,male,23,0,0,9.225,S,Third,NULL,Southampton,1
351,0,1,male,NULL,0,0,35,S,First,C,Southampton,1
352,0,3,male,15,1,1,7.2292,C,Third,NULL,Cherbourg,0
353,0,3,male,25,1,0,17.8,S,Third,NULL,Southampton,0
354,0,3,male,NULL,0,0,7.225,C,Third,NULL,Cherbourg,1
355,0,3,male,28,0,0,9.5,S,Third,NULL,Southampton,1
356,1,1,female,22,0,1,55,S,First,E,Southampton,0
357,0,2,female,38,0,0,13,S,Second,NULL,Southampton,1
358,1,3,female,NULL,0,0,7.8792,Q,Third,NULL,Queenstown,1
359,1,3,female,NULL,0,0,7.8792,Q,Third,NULL,Queenstown,1
360,0,3,male,40,1,4,27.9,S,Third,NULL,Southampton,0
361,0,2,male,29,1,0,27.7208,C,Second,NULL,Cherbourg,0
362,0,3,female,45,0,1,14.4542,C,Third,NULL,Cherbourg,0
363,0,3,male,35,0,0,7.05,S,Third,NULL,Southampton,1
364,0,3,male,NULL,1,0,15.5,Q,Third,NULL,Queenstown,0
365,0,3,male,30,0,0,7.25,S,Third,NULL,Southampton,1
366,1,1,female,60,1,0,75.25,C,First,D,Cherbourg,0
367,1,3,female,NULL,0,0,7.2292,C,Third,NULL,Cherbourg,1
368,1,3,female,NULL,0,0,7.75,Q,Third,NULL,Queenstown,1
369,1,1,female,24,0,0,69.3,C,First,B,Cherbourg,1
370,1,1,male,25,1,0,55.4417,C,First,E,Cherbourg,0
371,0,3,male,18,1,0,6.4958,S,Third,NULL,Southampton,0
372,0,3,male,19,0,0,8.05,S,Third,NULL,Southampton,1
373,0,1,male,22,0,0,135.6333,C,First,NULL,Cherbourg,1
374,0,3,female,3,3,1,21.075,S,Third,NULL,Southampton,0
375,1,1,female,NULL,1,0,82.1708,C,First,NULL,Cherbourg,0
376,1,3,female,22,0,0,7.25,S,Third,NULL,Southampton,1
377,0,1,male,27,0,2,211.5,C,First,C,Cherbourg,0
378,0,3,male,20,0,0,4.0125,C,Third,NULL,Cherbourg,1
379,0,3,male,19,0,0,7.775,S,Third,NULL,Southampton,1
380,1,1,female,42,0,0,227.525,C,First,NULL,Cherbourg,1
381,1,3,female,1,0,2,15.7417,C,Third,NULL,Cherbourg,0
382,0,3,male,32,0,0,7.925,S,Third,NULL,Southampton,1
383,1,1,female,35,1,0,52,S,First,NULL,Southampton,0
384,0,3,male,NULL,0,0,7.8958,S,Third,NULL,Southampton,1
385,0,2,male,18,0,0,73.5,S,Second,NULL,Southampton,1
386,0,3,male,1,5,2,46.9,S,Third,NULL,Southampton,0
387,1,2,female,36,0,0,13,S,Second,NULL,Southampton,1
388,0,3,male,NULL,0,0,7.7292,Q,Third,NULL,Queenstown,1
389,1,2,female,17,0,0,12,C,Second,NULL,Cherbourg,1
390,1,1,male,36,1,2,120,S,First,B,Southampton,0
391,1,3,male,21,0,0,7.7958,S,Third,NULL,Southampton,1
392,0,3,male,28,2,0,7.925,S,Third,NULL,Southampton,0
393,1,1,female,23,1,0,113.275,C,First,D,Cherbourg,0
394,1,3,female,24,0,2,16.7,S,Third,G,Southampton,0
395,0,3,male,22,0,0,7.7958,S,Third,NULL,Southampton,1
396,0,3,female,31,0,0,7.8542,S,Third,NULL,Southampton,1
397,0,2,male,46,0,0,26,S,Second,NULL,Southampton,1
398,0,2,male,23,0,0,10.5,S,Second,NULL,Southampton,1
399,1,2,female,28,0,0,12.65,S,Second,NULL,Southampton,1
400,1,3,male,39,0,0,7.925,S,Third,NULL,Southampton,1
401,0,3,male,26,0,0,8.05,S,Third,NULL,Southampton,1
402,0,3,female,21,1,0,9.825,S,Third,NULL,Southampton,0
403,0,3,male,28,1,0,15.85,S,Third,NULL,Southampton,0
404,0,3,female,20,0,0,8.6625,S,Third,NULL,Southampton,1
405,0,2,male,34,1,0,21,S,Second,NULL,Southampton,0
406,0,3,male,51,0,0,7.75,S,Third,NULL,Southampton,1
407,1,2,male,3,1,1,18.75,S,Second,NULL,Southampton,0
408,0,3,male,21,0,0,7.775,S,Third,NULL,Southampton,1
409,0,3,female,NULL,3,1,25.4667,S,Third,NULL,Southampton,0
410,0,3,male,NULL,0,0,7.8958,S,Third,NULL,Southampton,1
411,0,3,male,NULL,0,0,6.8583,Q,Third,NULL,Queenstown,1
412,1,1,female,33,1,0,90,Q,First,C,Queenstown,0
413,0,2,male,NULL,0,0,0,S,Second,NULL,Southampton,1
414,1,3,male,44,0,0,7.925,S,Third,NULL,Southampton,1
415,0,3,female,NULL,0,0,8.05,S,Third,NULL,Southampton,1
416,1,2,female,34,1,1,32.5,S,Second,NULL,Southampton,0
417,1,2,female,18,0,2,13,S,Second,NULL,Southampton,0
418,0,2,male,30,0,0,13,S,Second,NULL,Southampton,1
419,0,3,female,10,0,2,24.15,S,Third,NULL,Southampton,0
420,0,3,male,NULL,0,0,7.8958,C,Third,NULL,Cherbourg,1
421,0,3,male,21,0,0,7.7333,Q,Third,NULL,Queenstown,1
422,0,3,male,29,0,0,7.875,S,Third,NULL,Southampton,1
423,0,3,female,28,1,1,14.4,S,Third,NULL,Southampton,0
424,0,3,male,18,1,1,20.2125,S,Third,NULL,Southampton,0
425,0,3,male,NULL,0,0,7.25,S,Third,NULL,Southampton,1
426,1,2,female,28,1,0,26,S,Second,NULL,Southampton,0
427,1,2,female,19,0,0,26,S,Second,NULL,Southampton,1
428,0,3,male,NULL,0,0,7.75,Q,Third,NULL,Queenstown,1
429,1,3,male,32,0,0,8.05,S,Third,E,Southampton,1
430,1,1,male,28,0,0,26.55,S,First,C,Southampton,1
431,1,3,female,NULL,1,0,16.1,S,Third,NULL,Southampton,0
432,1,2,female,42,1,0,26,S,Second,NULL,Southampton,0
433,0,3,male,17,0,0,7.125,S,Third,NULL,Southampton,1
434,0,1,male,50,1,0,55.9,S,First,E,Southampton,0
435,1,1,female,14,1,2,120,S,First,B,Southampton,0
436,0,3,female,21,2,2,34.375,S,Third,NULL,Southampton,0
437,1,2,female,24,2,3,18.75,S,Second,NULL,Southampton,0
438,0,1,male,64,1,4,263,S,First,C,Southampton,0
439,0,2,male,31,0,0,10.5,S,Second,NULL,Southampton,1
440,1,2,female,45,1,1,26.25,S,Second,NULL,Southampton,0
441,0,3,male,20,0,0,9.5,S,Third,NULL,Southampton,1
442,0,3,male,25,1,0,7.775,S,Third,NULL,Southampton,0
443,1,2,female,28,0,0,13,S,Second,NULL,Southampton,1
444,1,3,male,NULL,0,0,8.1125,S,Third,NULL,Southampton,1
445,1,1,male,4,0,2,81.8583,S,First,A,Southampton,0
446,1,2,female,13,0,1,19.5,S,Second,NULL,Southampton,0
447,1,1,male,34,0,0,26.55,S,First,NULL,Southampton,1
448,1,3,female,5,2,1,19.2583,C,Third,NULL,Cherbourg,0
449,1,1,male,52,0,0,30.5,S,First,C,Southampton,1
450,0,2,male,36,1,2,27.75,S,Second,NULL,Southampton,0
451,0,3,male,NULL,1,0,19.9667,S,Third,NULL,Southampton,0
452,0,1,male,30,0,0,27.75,C,First,C,Cherbourg,1
453,1,1,male,49,1,0,89.1042,C,First,C,Cherbourg,0
454,0,3,male,NULL,0,0,8.05,S,Third,NULL,Southampton,1
455,1,3,male,29,0,0,7.8958,C,Third,NULL,Cherbourg,1
456,0,1,male,65,0,0,26.55,S,First,E,Southampton,1
457,1,1,female,NULL,1,0,51.8625,S,First,D,Southampton,0
458,1,2,female,50,0,0,10.5,S,Second,NULL,Southampton,1
459,0,3,male,NULL,0,0,7.75,Q,Third,NULL,Queenstown,1
460,1,1,male,48,0,0,26.55,S,First,E,Southampton,1
461,0,3,male,34,0,0,8.05,S,Third,NULL,Southampton,1
462,0,1,male,47,0,0,38.5,S,First,E,Southampton,1
463,0,2,male,48,0,0,13,S,Second,NULL,Southampton,1
464,0,3,male,NULL,0,0,8.05,S,Third,NULL,Southampton,1
465,0,3,male,38,0,0,7.05,S,Third,NULL,Southampton,1
466,0,2,male,NULL,0,0,0,S,Second,NULL,Southampton,1
467,0,1,male,56,0,0,26.55,S,First,NULL,Southampton,1
468,0,3,male,NULL,0,0,7.725,Q,Third,NULL,Queenstown,1
469,1,3,female,0.75,2,1,19.2583,C,Third,NULL,Cherbourg,0
470,0,3,male,NULL,0,0,7.25,S,Third,NULL,Southampton,1
471,0,3,male,38,0,0,8.6625,S,Third,NULL,Southampton,1
472,1,2,female,33,1,2,27.75,S,Second,NULL,Southampton,0
473,1,2,female,23,0,0,13.7917,C,Second,D,Cherbourg,1
474,0,3,female,22,0,0,9.8375,S,Third,NULL,Southampton,1
475,0,1,male,NULL,0,0,52,S,First,A,Southampton,1
476,0,2,male,34,1,0,21,S,Second,NULL,Southampton,0
477,0,3,male,29,1,0,7.0458,S,Third,NULL,Southampton,0
478,0,3,male,22,0,0,7.5208,S,Third,NULL,Southampton,1
479,1,3,female,2,0,1,12.2875,S,Third,NULL,Southampton,0
480,0,3,male,9,5,2,46.9,S,Third,NULL,Southampton,0
481,0,2,male,NULL,0,0,0,S,Second,NULL,Southampton,1
482,0,3,male,50,0,0,8.05,S,Third,NULL,Southampton,1
483,1,3,female,63,0,0,9.5875,S,Third,NULL,Southampton,1
484,1,1,male,25,1,0,91.0792,C,First,B,Cherbourg,0
485,0,3,female,NULL,3,1,25.4667,S,Third,NULL,Southampton,0
486,1,1,female,35,1,0,90,S,First,C,Southampton,0
487,0,1,male,58,0,0,29.7,C,First,B,Cherbourg,1
488,0,3,male,30,0,0,8.05,S,Third,NULL,Southampton,1
489,1,3,male,9,1,1,15.9,S,Third,NULL,Southampton,0
490,0,3,male,NULL,1,0,19.9667,S,Third,NULL,Southampton,0
491,0,3,male,21,0,0,7.25,S,Third,NULL,Southampton,1
492,0,1,male,55,0,0,30.5,S,First,C,Southampton,1
493,0,1,male,71,0,0,49.5042,C,First,NULL,Cherbourg,1
494,0,3,male,21,0,0,8.05,S,Third,NULL,Southampton,1
495,0,3,male,NULL,0,0,14.4583,C,Third,NULL,Cherbourg,1
496,1,1,female,54,1,0,78.2667,C,First,D,Cherbourg,0
497,0,3,male,NULL,0,0,15.1,S,Third,NULL,Southampton,1
498,0,1,female,25,1,2,151.55,S,First,C,Southampton,0
499,0,3,male,24,0,0,7.7958,S,Third,NULL,Southampton,1
500,0,3,male,17,0,0,8.6625,S,Third,NULL,Southampton,1
501,0,3,female,21,0,0,7.75,Q,Third,NULL,Queenstown,1
502,0,3,female,NULL,0,0,7.6292,Q,Third,NULL,Queenstown,1
503,0,3,female,37,0,0,9.5875,S,Third,NULL,Southampton,1
504,1,1,female,16,0,0,86.5,S,First,B,Southampton,1
505,0,1,male,18,1,0,108.9,C,First,C,Cherbourg,0
506,1,2,female,33,0,2,26,S,Second,NULL,Southampton,0
507,1,1,male,NULL,0,0,26.55,S,First,NULL,Southampton,1
508,0,3,male,28,0,0,22.525,S,Third,NULL,Southampton,1
509,1,3,male,26,0,0,56.4958,S,Third,NULL,Southampton,1
510,1,3,male,29,0,0,7.75,Q,Third,NULL,Queenstown,1
511,0,3,male,NULL,0,0,8.05,S,Third,NULL,Southampton,1
512,1,1,male,36,0,0,26.2875,S,First,E,Southampton,1
513,1,1,female,54,1,0,59.4,C,First,NULL,Cherbourg,0
514,0,3,male,24,0,0,7.4958,S,Third,NULL,Southampton,1
515,0,1,male,47,0,0,34.0208,S,First,D,Southampton,1
516,1,2,female,34,0,0,10.5,S,Second,F,Southampton,1
517,0,3,male,NULL,0,0,24.15,Q,Third,NULL,Queenstown,1
518,1,2,female,36,1,0,26,S,Second,NULL,Southampton,0
519,0,3,male,32,0,0,7.8958,S,Third,NULL,Southampton,1
520,1,1,female,30,0,0,93.5,S,First,B,Southampton,1
521,0,3,male,22,0,0,7.8958,S,Third,NULL,Southampton,1
522,0,3,male,NULL,0,0,7.225,C,Third,NULL,Cherbourg,1
523,1,1,female,44,0,1,57.9792,C,First,B,Cherbourg,0
524,0,3,male,NULL,0,0,7.2292,C,Third,NULL,Cherbourg,1
525,0,3,male,40.5,0,0,7.75,Q,Third,NULL,Queenstown,1
526,1,2,female,50,0,0,10.5,S,Second,NULL,Southampton,1
527,0,1,male,NULL,0,0,221.7792,S,First,C,Southampton,1
528,0,3,male,39,0,0,7.925,S,Third,NULL,Southampton,1
529,0,2,male,23,2,1,11.5,S,Second,NULL,Southampton,0
530,1,2,female,2,1,1,26,S,Second,NULL,Southampton,0
531,0,3,male,NULL,0,0,7.2292,C,Third,NULL,Cherbourg,1
532,0,3,male,17,1,1,7.2292,C,Third,NULL,Cherbourg,0
533,1,3,female,NULL,0,2,22.3583,C,Third,NULL,Cherbourg,0
534,0,3,female,30,0,0,8.6625,S,Third,NULL,Southampton,1
535,1,2,female,7,0,2,26.25,S,Second,NULL,Southampton,0
536,0,1,male,45,0,0,26.55,S,First,B,Southampton,1
537,1,1,female,30,0,0,106.425,C,First,NULL,Cherbourg,1
538,0,3,male,NULL,0,0,14.5,S,Third,NULL,Southampton,1
539,1,1,female,22,0,2,49.5,C,First,B,Cherbourg,0
540,1,1,female,36,0,2,71,S,First,B,Southampton,0
541,0,3,female,9,4,2,31.275,S,Third,NULL,Southampton,0
542,0,3,female,11,4,2,31.275,S,Third,NULL,Southampton,0
543,1,2,male,32,1,0,26,S,Second,NULL,Southampton,0
544,0,1,male,50,1,0,106.425,C,First,C,Cherbourg,0
545,0,1,male,64,0,0,26,S,First,NULL,Southampton,1
546,1,2,female,19,1,0,26,S,Second,NULL,Southampton,0
547,1,2,male,NULL,0,0,13.8625,C,Second,NULL,Cherbourg,1
548,0,3,male,33,1,1,20.525,S,Third,NULL,Southampton,0
549,1,2,male,8,1,1,36.75,S,Second,NULL,Southampton,0
550,1,1,male,17,0,2,110.8833,C,First,C,Cherbourg,0
551,0,2,male,27,0,0,26,S,Second,NULL,Southampton,1
552,0,3,male,NULL,0,0,7.8292,Q,Third,NULL,Queenstown,1
553,1,3,male,22,0,0,7.225,C,Third,NULL,Cherbourg,1
554,1,3,female,22,0,0,7.775,S,Third,NULL,Southampton,1
555,0,1,male,62,0,0,26.55,S,First,NULL,Southampton,1
556,1,1,female,48,1,0,39.6,C,First,A,Cherbourg,0
557,0,1,male,NULL,0,0,227.525,C,First,NULL,Cherbourg,1
558,1,1,female,39,1,1,79.65,S,First,E,Southampton,0
559,1,3,female,36,1,0,17.4,S,Third,NULL,Southampton,0
560,0,3,male,NULL,0,0,7.75,Q,Third,NULL,Queenstown,1
561,0,3,male,40,0,0,7.8958,S,Third,NULL,Southampton,1
562,0,2,male,28,0,0,13.5,S,Second,NULL,Southampton,1
563,0,3,male,NULL,0,0,8.05,S,Third,NULL,Southampton,1
564,0,3,female,NULL,0,0,8.05,S,Third,NULL,Southampton,1
565,0,3,male,24,2,0,24.15,S,Third,NULL,Southampton,0
566,0,3,male,19,0,0,7.8958,S,Third,NULL,Southampton,1
567,0,3,female,29,0,4,21.075,S,Third,NULL,Southampton,0
568,0,3,male,NULL,0,0,7.2292,C,Third,NULL,Cherbourg,1
569,1,3,male,32,0,0,7.8542,S,Third,NULL,Southampton,1
570,1,2,male,62,0,0,10.5,S,Second,NULL,Southampton,1
571,1,1,female,53,2,0,51.4792,S,First,C,Southampton,0
572,1,1,male,36,0,0,26.3875,S,First,E,Southampton,1
573,1,3,female,NULL,0,0,7.75,Q,Third,NULL,Queenstown,1
574,0,3,male,16,0,0,8.05,S,Third,NULL,Southampton,1
575,0,3,male,19,0,0,14.5,S,Third,NULL,Southampton,1
576,1,2,female,34,0,0,13,S,Second,NULL,Southampton,1
577,1,1,female,39,1,0,55.9,S,First,E,Southampton,0
578,0,3,female,NULL,1,0,14.4583,C,Third,NULL,Cherbourg,0
579,1,3,male,32,0,0,7.925,S,Third,NULL,Southampton,1
580,1,2,female,25,1,1,30,S,Second,NULL,Southampton,0
581,1,1,female,39,1,1,110.8833,C,First,C,Cherbourg,0
582,0,2,male,54,0,0,26,S,Second,NULL,Southampton,1
583,0,1,male,36,0,0,40.125,C,First,A,Cherbourg,1
584,0,3,male,NULL,0,0,8.7125,C,Third,NULL,Cherbourg,1
585,1,1,female,18,0,2,79.65,S,First,E,Southampton,0
586,0,2,male,47,0,0,15,S,Second,NULL,Southampton,1
587,1,1,male,60,1,1,79.2,C,First,B,Cherbourg,0
588,0,3,male,22,0,0,8.05,S,Third,NULL,Southampton,1
589,0,3,male,NULL,0,0,8.05,S,Third,NULL,Southampton,1
590,0,3,male,35,0,0,7.125,S,Third,NULL,Southampton,1
591,1,1,female,52,1,0,78.2667,C,First,D,Cherbourg,0
592,0,3,male,47,0,0,7.25,S,Third,NULL,Southampton,1
593,0,3,female,NULL,0,2,7.75,Q,Third,NULL,Queenstown,0
594,0,2,male,37,1,0,26,S,Second,NULL,Southampton,0
595,0,3,male,36,1,1,24.15,S,Third,NULL,Southampton,0
596,1,2,female,NULL,0,0,33,S,Second,NULL,Southampton,1
597,0,3,male,49,0,0,0,S,Third,NULL,Southampton,1
598,0,3,male,NULL,0,0,7.225,C,Third,NULL,Cherbourg,1
599,1,1,male,49,1,0,56.9292,C,First,A,Cherbourg,0
600,1,2,female,24,2,1,27,S,Second,NULL,Southampton,0
601,0,3,male,NULL,0,0,7.8958,S,Third,NULL,Southampton,1
602,0,1,male,NULL,0,0,42.4,S,First,NULL,Southampton,1
603,0,3,male,44,0,0,8.05,S,Third,NULL,Southampton,1
604,1,1,male,35,0,0,26.55,C,First,NULL,Cherbourg,1
605,0,3,male,36,1,0,15.55,S,Third,NULL,Southampton,0
606,0,3,male,30,0,0,7.8958,S,Third,NULL,Southampton,1
607,1,1,male,27,0,0,30.5,S,First,NULL,Southampton,1
608,1,2,female,22,1,2,41.5792,C,Second,NULL,Cherbourg,0
609,1,1,female,40,0,0,153.4625,S,First,C,Southampton,1
610,0,3,female,39,1,5,31.275,S,Third,NULL,Southampton,0
611,0,3,male,NULL,0,0,7.05,S,Third,NULL,Southampton,1
612,1,3,female,NULL,1,0,15.5,Q,Third,NULL,Queenstown,0
613,0,3,male,NULL,0,0,7.75,Q,Third,NULL,Queenstown,1
614,0,3,male,35,0,0,8.05,S,Third,NULL,Southampton,1
615,1,2,female,24,1,2,65,S,Second,NULL,Southampton,0
616,0,3,male,34,1,1,14.4,S,Third,NULL,Southampton,0
617,0,3,female,26,1,0,16.1,S,Third,NULL,Southampton,0
618,1,2,female,4,2,1,39,S,Second,F,Southampton,0
619,0,2,male,26,0,0,10.5,S,Second,NULL,Southampton,1
620,0,3,male,27,1,0,14.4542,C,Third,NULL,Cherbourg,0
621,1,1,male,42,1,0,52.5542,S,First,D,Southampton,0
622,1,3,male,20,1,1,15.7417,C,Third,NULL,Cherbourg,0
623,0,3,male,21,0,0,7.8542,S,Third,NULL,Southampton,1
624,0,3,male,21,0,0,16.1,S,Third,NULL,Southampton,1
625,0,1,male,61,0,0,32.3208,S,First,D,Southampton,1
626,0,2,male,57,0,0,12.35,Q,Second,NULL,Queenstown,1
627,1,1,female,21,0,0,77.9583,S,First,D,Southampton,1
628,0,3,male,26,0,0,7.8958,S,Third,NULL,Southampton,1
629,0,3,male,NULL,0,0,7.7333,Q,Third,NULL,Queenstown,1
630,1,1,male,80,0,0,30,S,First,A,Southampton,1
631,0,3,male,51,0,0,7.0542,S,Third,NULL,Southampton,1
632,1,1,male,32,0,0,30.5,C,First,B,Cherbourg,1
633,0,1,male,NULL,0,0,0,S,First,NULL,Southampton,1
634,0,3,female,9,3,2,27.9,S,Third,NULL,Southampton,0
635,1,2,female,28,0,0,13,S,Second,NULL,Southampton,1
636,0,3,male,32,0,0,7.925,S,Third,NULL,Southampton,1
637,0,2,male,31,1,1,26.25,S,Second,NULL,Southampton,0
638,0,3,female,41,0,5,39.6875,S,Third,NULL,Southampton,0
639,0,3,male,NULL,1,0,16.1,S,Third,NULL,Southampton,0
640,0,3,male,20,0,0,7.8542,S,Third,NULL,Southampton,1
641,1,1,female,24,0,0,69.3,C,First,B,Cherbourg,1
642,0,3,female,2,3,2,27.9,S,Third,NULL,Southampton,0
643,1,3,male,NULL,0,0,56.4958,S,Third,NULL,Southampton,1
644,1,3,female,0.75,2,1,19.2583,C,Third,NULL,Cherbourg,0
645,1,1,male,48,1,0,76.7292,C,First,D,Cherbourg,0
646,0,3,male,19,0,0,7.8958,S,Third,NULL,Southampton,1
647,1,1,male,56,0,0,35.5,C,First,A,Cherbourg,1
648,0,3,male,NULL,0,0,7.55,S,Third,NULL,Southampton,1
649,1,3,female,23,0,0,7.55,S,Third,NULL,Southampton,1
650,0,3,male,NULL,0,0,7.8958,S,Third,NULL,Southampton,1
651,1,2,female,18,0,1,23,S,Second,NULL,Southampton,0
652,0,3,male,21,0,0,8.4333,S,Third,NULL,Southampton,1
653,1,3,female,NULL,0,0,7.8292,Q,Third,NULL,Queenstown,1
654,0,3,female,18,0,0,6.75,Q,Third,NULL,Queenstown,1
655,0,2,male,24,2,0,73.5,S,Second,NULL,Southampton,0
656,0,3,male,NULL,0,0,7.8958,S,Third,NULL,Southampton,1
657,0,3,female,32,1,1,15.5,Q,Third,NULL,Queenstown,0
658,0,2,male,23,0,0,13,S,Second,NULL,Southampton,1
659,0,1,male,58,0,2,113.275,C,First,D,Cherbourg,0
660,1,1,male,50,2,0,133.65,S,First,NULL,Southampton,0
661,0,3,male,40,0,0,7.225,C,Third,NULL,Cherbourg,1
662,0,1,male,47,0,0,25.5875,S,First,E,Southampton,1
663,0,3,male,36,0,0,7.4958,S,Third,NULL,Southampton,1
664,1,3,male,20,1,0,7.925,S,Third,NULL,Southampton,0
665,0,2,male,32,2,0,73.5,S,Second,NULL,Southampton,0
666,0,2,male,25,0,0,13,S,Second,NULL,Southampton,1
667,0,3,male,NULL,0,0,7.775,S,Third,NULL,Southampton,1
668,0,3,male,43,0,0,8.05,S,Third,NULL,Southampton,1
669,1,1,female,NULL,1,0,52,S,First,C,Southampton,0
670,1,2,female,40,1,1,39,S,Second,NULL,Southampton,0
671,0,1,male,31,1,0,52,S,First,B,Southampton,0
672,0,2,male,70,0,0,10.5,S,Second,NULL,Southampton,1
673,1,2,male,31,0,0,13,S,Second,NULL,Southampton,1
674,0,2,male,NULL,0,0,0,S,Second,NULL,Southampton,1
675,0,3,male,18,0,0,7.775,S,Third,NULL,Southampton,1
676,0,3,male,24.5,0,0,8.05,S,Third,NULL,Southampton,1
677,1,3,female,18,0,0,9.8417,S,Third,NULL,Southampton,1
678,0,3,female,43,1,6,46.9,S,Third,NULL,Southampton,0
679,1,1,male,36,0,1,512.3292,C,First,B,Cherbourg,0
680,0,3,female,NULL,0,0,8.1375,Q,Third,NULL,Queenstown,1
681,1,1,male,27,0,0,76.7292,C,First,D,Cherbourg,1
682,0,3,male,20,0,0,9.225,S,Third,NULL,Southampton,1
683,0,3,male,14,5,2,46.9,S,Third,NULL,Southampton,0
684,0,2,male,60,1,1,39,S,Second,NULL,Southampton,0
685,0,2,male,25,1,2,41.5792,C,Second,NULL,Cherbourg,0
686,0,3,male,14,4,1,39.6875,S,Third,NULL,Southampton,0
687,0,3,male,19,0,0,10.1708,S,Third,NULL,Southampton,1
688,0,3,male,18,0,0,7.7958,S,Third,NULL,Southampton,1
689,1,1,female,15,0,1,211.3375,S,First,B,Southampton,0
690,1,1,male,31,1,0,57,S,First,B,Southampton,0
691,1,3,female,4,0,1,13.4167,C,Third,NULL,Cherbourg,0
692,1,3,male,NULL,0,0,56.4958,S,Third,NULL,Southampton,1
693,0,3,male,25,0,0,7.225,C,Third,NULL,Cherbourg,1
694,0,1,male,60,0,0,26.55,S,First,NULL,Southampton,1
695,0,2,male,52,0,0,13.5,S,Second,NULL,Southampton,1
696,0,3,male,44,0,0,8.05,S,Third,NULL,Southampton,1
697,1,3,female,NULL,0,0,7.7333,Q,Third,NULL,Queenstown,1
698,0,1,male,49,1,1,110.8833,C,First,C,Cherbourg,0
699,0,3,male,42,0,0,7.65,S,Third,F,Southampton,1
700,1,1,female,18,1,0,227.525,C,First,C,Cherbourg,0
701,1,1,male,35,0,0,26.2875,S,First,E,Southampton,1
702,0,3,female,18,0,1,14.4542,C,Third,NULL,Cherbourg,0
703,0,3,male,25,0,0,7.7417,Q,Third,NULL,Queenstown,1
704,0,3,male,26,1,0,7.8542,S,Third,NULL,Southampton,0
705,0,2,male,39,0,0,26,S,Second,NULL,Southampton,1
706,1,2,female,45,0,0,13.5,S,Second,NULL,Southampton,1
707,1,1,male,42,0,0,26.2875,S,First,E,Southampton,1
708,1,1,female,22,0,0,151.55,S,First,NULL,Southampton,1
709,1,3,male,NULL,1,1,15.2458,C,Third,NULL,Cherbourg,0
710,1,1,female,24,0,0,49.5042,C,First,C,Cherbourg,1
711,0,1,male,NULL,0,0,26.55,S,First,C,Southampton,1
712,1,1,male,48,1,0,52,S,First,C,Southampton,0
713,0,3,male,29,0,0,9.4833,S,Third,NULL,Southampton,1
714,0,2,male,52,0,0,13,S,Second,NULL,Southampton,1
715,0,3,male,19,0,0,7.65,S,Third,F,Southampton,1
716,1,1,female,38,0,0,227.525,C,First,C,Cherbourg,1
717,1,2,female,27,0,0,10.5,S,Second,E,Southampton,1
718,0,3,male,NULL,0,0,15.5,Q,Third,NULL,Queenstown,1
719,0,3,male,33,0,0,7.775,S,Third,NULL,Southampton,1
720,1,2,female,6,0,1,33,S,Second,NULL,Southampton,0
721,0,3,male,17,1,0,7.0542,S,Third,NULL,Southampton,0
722,0,2,male,34,0,0,13,S,Second,NULL,Southampton,1
723,0,2,male,50,0,0,13,S,Second,NULL,Southampton,1
724,1,1,male,27,1,0,53.1,S,First,E,Southampton,0
725,0,3,male,20,0,0,8.6625,S,Third,NULL,Southampton,1
726,1,2,female,30,3,0,21,S,Second,NULL,Southampton,0
727,1,3,female,NULL,0,0,7.7375,Q,Third,NULL,Queenstown,1
728,0,2,male,25,1,0,26,S,Second,NULL,Southampton,0
729,0,3,female,25,1,0,7.925,S,Third,NULL,Southampton,0
730,1,1,female,29,0,0,211.3375,S,First,B,Southampton,1
731,0,3,male,11,0,0,18.7875,C,Third,NULL,Cherbourg,1
732,0,2,male,NULL,0,0,0,S,Second,NULL,Southampton,1
733,0,2,male,23,0,0,13,S,Second,NULL,Southampton,1
734,0,2,male,23,0,0,13,S,Second,NULL,Southampton,1
735,0,3,male,28.5,0,0,16.1,S,Third,NULL,Southampton,1
736,0,3,female,48,1,3,34.375,S,Third,NULL,Southampton,0
737,1,1,male,35,0,0,512.3292,C,First,B,Cherbourg,1
738,0,3,male,NULL,0,0,7.8958,S,Third,NULL,Southampton,1
739,0,3,male,NULL,0,0,7.8958,S,Third,NULL,Southampton,1
740,1,1,male,NULL,0,0,30,S,First,D,Southampton,1
741,0,1,male,36,1,0,78.85,S,First,C,Southampton,0
742,1,1,female,21,2,2,262.375,C,First,B,Cherbourg,0
743,0,3,male,24,1,0,16.1,S,Third,NULL,Southampton,0
744,1,3,male,31,0,0,7.925,S,Third,NULL,Southampton,1
745,0,1,male,70,1,1,71,S,First,B,Southampton,0
746,0,3,male,16,1,1,20.25,S,Third,NULL,Southampton,0
747,1,2,female,30,0,0,13,S,Second,NULL,Southampton,1
748,0,1,male,19,1,0,53.1,S,First,D,Southampton,0
749,0,3,male,31,0,0,7.75,Q,Third,NULL,Queenstown,1
750,1,2,female,4,1,1,23,S,Second,NULL,Southampton,0
751,1,3,male,6,0,1,12.475,S,Third,E,Southampton,0
752,0,3,male,33,0,0,9.5,S,Third,NULL,Southampton,1
753,0,3,male,23,0,0,7.8958,S,Third,NULL,Southampton,1
754,1,2,female,48,1,2,65,S,Second,NULL,Southampton,0
755,1,2,male,0.67,1,1,14.5,S,Second,NULL,Southampton,0
756,0,3,male,28,0,0,7.7958,S,Third,NULL,Southampton,1
757,0,2,male,18,0,0,11.5,S,Second,NULL,Southampton,1
758,0,3,male,34,0,0,8.05,S,Third,NULL,Southampton,1
759,1,1,female,33,0,0,86.5,S,First,B,Southampton,1
760,0,3,male,NULL,0,0,14.5,S,Third,NULL,Southampton,1
761,0,3,male,41,0,0,7.125,S,Third,NULL,Southampton,1
762,1,3,male,20,0,0,7.2292,C,Third,NULL,Cherbourg,1
763,1,1,female,36,1,2,120,S,First,B,Southampton,0
764,0,3,male,16,0,0,7.775,S,Third,NULL,Southampton,1
765,1,1,female,51,1,0,77.9583,S,First,D,Southampton,0
766,0,1,male,NULL,0,0,39.6,C,First,NULL,Cherbourg,1
767,0,3,female,30.5,0,0,7.75,Q,Third,NULL,Queenstown,1
768,0,3,male,NULL,1,0,24.15,Q,Third,NULL,Queenstown,0
769,0,3,male,32,0,0,8.3625,S,Third,NULL,Southampton,1
770,0,3,male,24,0,0,9.5,S,Third,NULL,Southampton,1
771,0,3,male,48,0,0,7.8542,S,Third,NULL,Southampton,1
772,0,2,female,57,0,0,10.5,S,Second,E,Southampton,1
773,0,3,male,NULL,0,0,7.225,C,Third,NULL,Cherbourg,1
774,1,2,female,54,1,3,23,S,Second,NULL,Southampton,0
775,0,3,male,18,0,0,7.75,S,Third,NULL,Southampton,1
776,0,3,male,NULL,0,0,7.75,Q,Third,F,Queenstown,1
777,1,3,female,5,0,0,12.475,S,Third,NULL,Southampton,1
778,0,3,male,NULL,0,0,7.7375,Q,Third,NULL,Queenstown,1
779,1,1,female,43,0,1,211.3375,S,First,B,Southampton,0
780,1,3,female,13,0,0,7.2292,C,Third,NULL,Cherbourg,1
781,1,1,female,17,1,0,57,S,First,B,Southampton,0
782,0,1,male,29,0,0,30,S,First,D,Southampton,1
783,0,3,male,NULL,1,2,23.45,S,Third,NULL,Southampton,0
784,0,3,male,25,0,0,7.05,S,Third,NULL,Southampton,1
785,0,3,male,25,0,0,7.25,S,Third,NULL,Southampton,1
786,1,3,female,18,0,0,7.4958,S,Third,NULL,Southampton,1
787,0,3,male,8,4,1,29.125,Q,Third,NULL,Queenstown,0
788,1,3,male,1,1,2,20.575,S,Third,NULL,Southampton,0
789,0,1,male,46,0,0,79.2,C,First,B,Cherbourg,1
790,0,3,male,NULL,0,0,7.75,Q,Third,NULL,Queenstown,1
791,0,2,male,16,0,0,26,S,Second,NULL,Southampton,1
792,0,3,female,NULL,8,2,69.55,S,Third,NULL,Southampton,0
793,0,1,male,NULL,0,0,30.6958,C,First,NULL,Cherbourg,1
794,0,3,male,25,0,0,7.8958,S,Third,NULL,Southampton,1
795,0,2,male,39,0,0,13,S,Second,NULL,Southampton,1
796,1,1,female,49,0,0,25.9292,S,First,D,Southampton,1
797,1,3,female,31,0,0,8.6833,S,Third,NULL,Southampton,1
798,0,3,male,30,0,0,7.2292,C,Third,NULL,Cherbourg,1
799,0,3,female,30,1,1,24.15,S,Third,NULL,Southampton,0
800,0,2,male,34,0,0,13,S,Second,NULL,Southampton,1
801,1,2,female,31,1,1,26.25,S,Second,NULL,Southampton,0
802,1,1,male,11,1,2,120,S,First,B,Southampton,0
803,1,3,male,0.42,0,1,8.5167,C,Third,NULL,Cherbourg,0
804,1,3,male,27,0,0,6.975,S,Third,NULL,Southampton,1
805,0,3,male,31,0,0,7.775,S,Third,NULL,Southampton,1
806,0,1,male,39,0,0,0,S,First,A,Southampton,1
807,0,3,female,18,0,0,7.775,S,Third,NULL,Southampton,1
808,0,2,male,39,0,0,13,S,Second,NULL,Southampton,1
809,1,1,female,33,1,0,53.1,S,First,E,Southampton,0
810,0,3,male,26,0,0,7.8875,S,Third,NULL,Southampton,1
811,0,3,male,39,0,0,24.15,S,Third,NULL,Southampton,1
812,0,2,male,35,0,0,10.5,S,Second,NULL,Southampton,1
813,0,3,female,6,4,2,31.275,S,Third,NULL,Southampton,0
814,0,3,male,30.5,0,0,8.05,S,Third,NULL,Southampton,1
815,0,1,male,NULL,0,0,0,S,First,B,Southampton,1
816,0,3,female,23,0,0,7.925,S,Third,NULL,Southampton,1
817,0,2,male,31,1,1,37.0042,C,Second,NULL,Cherbourg,0
818,0,3,male,43,0,0,6.45,S,Third,NULL,Southampton,1
819,0,3,male,10,3,2,27.9,S,Third,NULL,Southampton,0
820,1,1,female,52,1,1,93.5,S,First,B,Southampton,0
821,1,3,male,27,0,0,8.6625,S,Third,NULL,Southampton,1
822,0,1,male,38,0,0,0,S,First,NULL,Southampton,1
823,1,3,female,27,0,1,12.475,S,Third,E,Southampton,0
824,0,3,male,2,4,1,39.6875,S,Third,NULL,Southampton,0
825,0,3,male,NULL,0,0,6.95,Q,Third,NULL,Queenstown,1
826,0,3,male,NULL,0,0,56.4958,S,Third,NULL,Southampton,1
827,1,2,male,1,0,2,37.0042,C,Second,NULL,Cherbourg,0
828,1,3,male,NULL,0,0,7.75,Q,Third,NULL,Queenstown,1
829,1,1,female,62,0,0,80,NULL,First,B,NULL,1
830,1,3,female,15,1,0,14.4542,C,Third,NULL,Cherbourg,0
831,1,2,male,0.83,1,1,18.75,S,Second,NULL,Southampton,0
832,0,3,male,NULL,0,0,7.2292,C,Third,NULL,Cherbourg,1
833,0,3,male,23,0,0,7.8542,S,Third,NULL,Southampton,1
834,0,3,male,18,0,0,8.3,S,Third,NULL,Southampton,1
835,1,1,female,39,1,1,83.1583,C,First,E,Cherbourg,0
836,0,3,male,21,0,0,8.6625,S,Third,NULL,Southampton,1
837,0,3,male,NULL,0,0,8.05,S,Third,NULL,Southampton,1
838,1,3,male,32,0,0,56.4958,S,Third,NULL,Southampton,1
839,1,1,male,NULL,0,0,29.7,C,First,C,Cherbourg,1
840,0,3,male,20,0,0,7.925,S,Third,NULL,Southampton,1
841,0,2,male,16,0,0,10.5,S,Second,NULL,Southampton,1
842,1,1,female,30,0,0,31,C,First,NULL,Cherbourg,1
843,0,3,male,34.5,0,0,6.4375,C,Third,NULL,Cherbourg,1
844,0,3,male,17,0,0,8.6625,S,Third,NULL,Southampton,1
845,0,3,male,42,0,0,7.55,S,Third,NULL,Southampton,1
846,0,3,male,NULL,8,2,69.55,S,Third,NULL,Southampton,0
847,0,3,male,35,0,0,7.8958,C,Third,NULL,Cherbourg,1
848,0,2,male,28,0,1,33,S,Second,NULL,Southampton,0
849,1,1,female,NULL,1,0,89.1042,C,First,C,Cherbourg,0
850,0,3,male,4,4,2,31.275,S,Third,NULL,Southampton,0
851,0,3,male,74,0,0,7.775,S,Third,NULL,Southampton,1
852,0,3,female,9,1,1,15.2458,C,Third,NULL,Cherbourg,0
853,1,1,female,16,0,1,39.4,S,First,D,Southampton,0
854,0,2,female,44,1,0,26,S,Second,NULL,Southampton,0
855,1,3,female,18,0,1,9.35,S,Third,NULL,Southampton,0
856,1,1,female,45,1,1,164.8667,S,First,NULL,Southampton,0
857,1,1,male,51,0,0,26.55,S,First,E,Southampton,1
858,1,3,female,24,0,3,19.2583,C,Third,NULL,Cherbourg,0
859,0,3,male,NULL,0,0,7.2292,C,Third,NULL,Cherbourg,1
860,0,3,male,41,2,0,14.1083,S,Third,NULL,Southampton,0
861,0,2,male,21,1,0,11.5,S,Second,NULL,Southampton,0
862,1,1,female,48,0,0,25.9292,S,First,D,Southampton,1
863,0,3,female,NULL,8,2,69.55,S,Third,NULL,Southampton,0
864,0,2,male,24,0,0,13,S,Second,NULL,Southampton,1
865,1,2,female,42,0,0,13,S,Second,NULL,Southampton,1
866,1,2,female,27,1,0,13.8583,C,Second,NULL,Cherbourg,0
867,0,1,male,31,0,0,50.4958,S,First,A,Southampton,1
868,0,3,male,NULL,0,0,9.5,S,Third,NULL,Southampton,1
869,1,3,male,4,1,1,11.1333,S,Third,NULL,Southampton,0
870,0,3,male,26,0,0,7.8958,S,Third,NULL,Southampton,1
871,1,1,female,47,1,1,52.5542,S,First,D,Southampton,0
872,0,1,male,33,0,0,5,S,First,B,Southampton,1
873,0,3,male,47,0,0,9,S,Third,NULL,Southampton,1
874,1,2,female,28,1,0,24,C,Second,NULL,Cherbourg,0
875,1,3,female,15,0,0,7.225,C,Third,NULL,Cherbourg,1
876,0,3,male,20,0,0,9.8458,S,Third,NULL,Southampton,1
877,0,3,male,19,0,0,7.8958,S,Third,NULL,Southampton,1
878,0,3,male,NULL,0,0,7.8958,S,Third,NULL,Southampton,1
879,1,1,female,56,0,1,83.1583,C,First,C,Cherbourg,0
880,1,2,female,25,0,1,26,S,Second,NULL,Southampton,0
881,0,3,male,33,0,0,7.8958,S,Third,NULL,Southampton,1
882,0,3,female,22,0,0,10.5167,S,Third,NULL,Southampton,1
883,0,2,male,28,0,0,10.5,S,Second,NULL,Southampton,1
884,0,3,male,25,0,0,7.05,S,Third,NULL,Southampton,1
885,0,3,female,39,0,5,29.125,Q,Third,NULL,Queenstown,0
886,0,2,male,27,0,0,13,S,Second,NULL,Southampton,1
887,1,1,female,19,0,0,30,S,First,B,Southampton,1
888,0,3,female,NULL,1,2,23.45,S,Third,NULL,Southampton,0
889,1,1,male,26,0,0,30,C,First,C,Cherbourg,1
890,0,3,male,32,0,0,7.75,Q,Third,NULL,Queenstown,1
